<?xml version="1.0" encoding="UTF-8"?>
<beans xmlns="http://www.springframework.org/schema/beans"
	xmlns:xsi="http://www.w3.org/2001/XMLSchema-instance"
	xsi:schemaLocation="http://www.springframework.org/schema/beans http://www.springframework.org/schema/beans/spring-beans.xsd">
	<bean id="calculatorHandler" class="calculator.CalculatorHandler">
	</bean>

	<bean id="loggingFilter" class="org.apache.mina.filter.logging.LoggingFilter" />

	<bean id="calculatorCodecFilter" class="org.apache.mina.filter.codec.ProtocolCodecFilter">
		<constructor-arg>
			<bean class="org.apache.mina.filter.codec.textline.TextLineCodecFactory" />
		</constructor-arg>
	</bean>

	<bean id="filterChainBuilder"
		class="org.apache.mina.core.filterchain.DefaultIoFilterChainBuilder">
		<property name="filters">
			<map>
				<entry key="loggingFilter" value-ref="loggingFilter" />
				<entry key="codecFilter" value-ref="calculatorCodecFilter" />
			</map>
		</property>
	</bean>

	<bean class="org.springframework.beans.factory.config.CustomEditorConfigurer">
		<property name="customEditors">
			<map>
				<entry key="java.net.SocketAddress">
					<bean class="org.apache.mina.integration.beans.InetSocketAddressEditor" />
				</entry>
			</map>
		</property>
	</bean>

	<bean id="ioAcceptor" class="org.apache.mina.transport.socket.nio.NioSocketAcceptor"
		init-method="bind" destroy-method="unbind">
		<property name="defaultLocalAddress" value=":10010" />
		<property name="handler" ref="calculatorHandler" />
		<property name="filterChainBuilder" ref="filterChainBuilder" />
	</bean>
</beans>
